Date,Game #,Away,Home,Neutral,Score Away,Score Home,Notes
"Wednesday, October 21, 2026",1,Tom,Jon,N,,,
"Wednesday, October 21, 2026",1,Rick,KevinA,N,,,
"Wednesday, October 21, 2026",1,Sean,KevinL,N,,,
"Wednesday, October 21, 2026",1,Ted,Matt,N,,,
"Friday, October 23, 2026",2,Matt,Jon,N,,,
"Friday, October 23, 2026",2,KevinL,KevinA,N,,,
"Friday, October 23, 2026",2,Ted,Rick,N,,,
"Friday, October 23, 2026",2,Tom,Sean,N,,,
"Saturday, October 24, 2026",3,Sean,Jon,N,,,
"Saturday, October 24, 2026",3,Tom,KevinA,N,,,
"Saturday, October 24, 2026",3,Ted,KevinL,N,,,
"Saturday, October 24, 2026",3,Rick,Matt,N,,,
"Sunday, October 25, 2026",4,KevinA,Jon,N,,,
"Sunday, October 25, 2026",4,Rick,KevinL,N,,,
"Sunday, October 25, 2026",4,Sean,Matt,N,,,
"Sunday, October 25, 2026",4,Tom,Ted,N,,,
"Monday, October 26, 2026",5,Ted,Jon,N,,,
"Monday, October 26, 2026",5,Sean,KevinA,N,,,
"Monday, October 26, 2026",5,Matt,KevinL,N,,,
"Monday, October 26, 2026",5,Tom,Rick,N,,,
"Wednesday, October 28, 2026",6,Rick,Jon,N,,,
"Wednesday, October 28, 2026",6,Matt,KevinA,N,,,
"Wednesday, October 28, 2026",6,Tom,KevinL,N,,,
"Wednesday, October 28, 2026",6,Ted,Sean,N,,,
"Friday, October 30, 2026",7,KevinL,Jon,N,,,
"Friday, October 30, 2026",7,Ted,KevinA,N,,,
"Friday, October 30, 2026",7,Tom,Matt,N,,,
"Friday, October 30, 2026",7,Sean,Rick,N,,,
"Saturday, October 31, 2026",8,KevinA,Rick,N,,,
"Saturday, October 31, 2026",8,KevinL,Sean,N,,,
"Saturday, October 31, 2026",8,Matt,Ted,N,,,
"Saturday, October 31, 2026",8,Jon,Tom,N,,,
"Monday, November 2, 2026",9,KevinA,KevinL,N,,,
"Monday, November 2, 2026",9,Jon,Matt,N,,,
"Monday, November 2, 2026",9,Rick,Ted,N,,,
"Monday, November 2, 2026",9,Sean,Tom,N,,,
"Wednesday, November 4, 2026",10,Matt,Rick,N,,,
"Wednesday, November 4, 2026",10,Jon,Sean,N,,,
"Wednesday, November 4, 2026",10,KevinL,Ted,N,,,
"Wednesday, November 4, 2026",10,KevinA,Tom,N,,,
"Friday, November 6, 2026",11,Jon,KevinA,N,,,
"Friday, November 6, 2026",11,KevinL,Rick,N,,,
"Friday, November 6, 2026",11,Matt,Sean,N,,,
"Friday, November 6, 2026",11,Ted,Tom,N,,,
"Saturday, November 7, 2026",12,KevinL,Matt,N,,,
"Saturday, November 7, 2026",12,KevinA,Sean,N,,,
"Saturday, November 7, 2026",12,Jon,Ted,N,,,
"Saturday, November 7, 2026",12,Rick,Tom,N,,,
"Sunday, November 8, 2026",13,KevinA,Matt,N,,,
"Sunday, November 8, 2026",13,Jon,Rick,N,,,
"Sunday, November 8, 2026",13,Sean,Ted,N,,,
"Sunday, November 8, 2026",13,KevinL,Tom,N,,,
"Monday, November 9, 2026",14,Jon,KevinL,N,,,
"Monday, November 9, 2026",14,Rick,Sean,N,,,
"Monday, November 9, 2026",14,KevinA,Ted,N,,,
"Monday, November 9, 2026",14,Matt,Tom,N,,,
"Wednesday, November 11, 2026",15,Matt,Jon,N,,,
"Wednesday, November 11, 2026",15,Tom,KevinA,N,,,
"Wednesday, November 11, 2026",15,Sean,KevinL,N,,,
"Wednesday, November 11, 2026",15,Ted,Rick,N,,,
"Friday, November 13, 2026",16,Tom,Jon,N,,,
"Friday, November 13, 2026",16,Rick,KevinA,N,,,
"Friday, November 13, 2026",16,Ted,Matt,N,,,
"Friday, November 13, 2026",16,KevinL,Sean,N,,,
"Sunday, November 15, 2026",17,KevinL,KevinA,N,,,
"Sunday, November 15, 2026",17,Jon,Matt,N,,,
"Sunday, November 15, 2026",17,Tom,Sean,N,,,
"Sunday, November 15, 2026",17,Rick,Ted,N,,,
"Monday, November 16, 2026",18,Sean,Jon,N,,,
"Monday, November 16, 2026",18,Ted,KevinL,N,,,
"Monday, November 16, 2026",18,Rick,Matt,N,,,
"Monday, November 16, 2026",18,KevinA,Tom,N,,,
"Wednesday, November 18, 2026",19,KevinA,Jon,N,,,
"Wednesday, November 18, 2026",19,Rick,KevinL,N,,,
"Wednesday, November 18, 2026",19,Sean,Matt,N,,,
"Wednesday, November 18, 2026",19,Tom,Ted,N,,,
"Friday, November 20, 2026",20,Ted,Jon,N,,,
"Friday, November 20, 2026",20,Sean,KevinA,N,,,
"Friday, November 20, 2026",20,Matt,KevinL,N,,,
"Friday, November 20, 2026",20,Tom,Rick,N,,,
"Sunday, November 22, 2026",21,Rick,Jon,N,,,
"Sunday, November 22, 2026",21,Matt,KevinA,N,,,
"Sunday, November 22, 2026",21,Tom,KevinL,N,,,
"Sunday, November 22, 2026",21,Ted,Sean,N,,,
"Monday, November 23, 2026",22,KevinL,Jon,N,,,
"Monday, November 23, 2026",22,Ted,KevinA,N,,,
"Monday, November 23, 2026",22,Tom,Matt,N,,,
"Monday, November 23, 2026",22,Sean,Rick,N,,,
"Wednesday, November 25, 2026",23,Sean,KevinL,N,,,
"Wednesday, November 25, 2026",23,KevinA,Rick,N,,,
"Wednesday, November 25, 2026",23,Matt,Ted,N,,,
"Wednesday, November 25, 2026",23,Jon,Tom,N,,,
"Friday, November 27, 2026",24,Matt,Jon,N,,,
"Friday, November 27, 2026",24,KevinA,KevinL,N,,,
"Friday, November 27, 2026",24,Ted,Rick,N,,,
"Friday, November 27, 2026",24,Sean,Tom,N,,,
"Sunday, November 29, 2026",25,Tom,KevinA,N,,,
"Sunday, November 29, 2026",25,Matt,Rick,N,,,
"Sunday, November 29, 2026",25,Jon,Sean,N,,,
"Sunday, November 29, 2026",25,KevinL,Ted,N,,,
"Monday, November 30, 2026",26,Jon,KevinA,N,,,
"Monday, November 30, 2026",26,KevinL,Rick,N,,,
"Monday, November 30, 2026",26,Matt,Sean,N,,,
"Monday, November 30, 2026",26,Ted,Tom,N,,,
"Tuesday, December 1, 2026",27,KevinL,Matt,N,,,
"Tuesday, December 1, 2026",27,KevinA,Sean,N,,,
"Tuesday, December 1, 2026",27,Jon,Ted,N,,,
"Tuesday, December 1, 2026",27,Rick,Tom,N,,,
"Wednesday, December 2, 2026",28,KevinA,Matt,N,,,
"Wednesday, December 2, 2026",28,Jon,Rick,N,,,
"Wednesday, December 2, 2026",28,Sean,Ted,N,,,
"Wednesday, December 2, 2026",28,KevinL,Tom,N,,,
"Thursday, December 10, 2026",29,Jon,KevinL,N,,,
"Thursday, December 10, 2026",29,Rick,Sean,N,,,
"Thursday, December 10, 2026",29,KevinA,Ted,N,,,
"Thursday, December 10, 2026",29,Matt,Tom,N,,,
"Saturday, December 12, 2026",30,Rick,Jon,Y,,,Neutral Site
"Saturday, December 12, 2026",30,KevinL,KevinA,Y,,,Neutral Site
"Saturday, December 12, 2026",30,Ted,Matt,Y,,,Neutral Site
"Saturday, December 12, 2026",30,Tom,Sean,Y,,,Neutral Site
"Monday, December 14, 2026",31,Tom,Jon,N,,,
"Monday, December 14, 2026",31,Rick,KevinA,N,,,
"Monday, December 14, 2026",31,Ted,Matt,N,,,
"Monday, December 14, 2026",31,KevinL,Sean,N,,,
"Wednesday, December 16, 2026",32,KevinL,KevinA,N,,,
"Wednesday, December 16, 2026",32,Jon,Matt,N,,,
"Wednesday, December 16, 2026",32,Tom,Sean,N,,,
"Wednesday, December 16, 2026",32,Rick,Ted,N,,,
"Friday, December 18, 2026",33,Sean,Jon,N,,,
"Friday, December 18, 2026",33,Ted,KevinL,N,,,
"Friday, December 18, 2026",33,Rick,Matt,N,,,
"Friday, December 18, 2026",33,KevinA,Tom,N,,,
"Sunday, December 20, 2026",34,KevinA,Jon,N,,,
"Sunday, December 20, 2026",34,Rick,KevinL,N,,,
"Sunday, December 20, 2026",34,Sean,Matt,N,,,
"Sunday, December 20, 2026",34,Tom,Ted,N,,,
"Monday, December 21, 2026",35,Ted,Jon,N,,,
"Monday, December 21, 2026",35,Sean,KevinA,N,,,
"Monday, December 21, 2026",35,Matt,KevinL,N,,,
"Monday, December 21, 2026",35,Tom,Rick,N,,,
"Wednesday, December 23, 2026",36,Rick,Jon,N,,,
"Wednesday, December 23, 2026",36,Matt,KevinA,N,,,
"Wednesday, December 23, 2026",36,Tom,KevinL,N,,,
"Wednesday, December 23, 2026",36,Ted,Sean,N,,,
"Saturday, December 26, 2026",37,KevinL,Jon,N,,,
"Saturday, December 26, 2026",37,Ted,KevinA,N,,,
"Saturday, December 26, 2026",37,Tom,Matt,N,,,
"Saturday, December 26, 2026",37,Sean,Rick,N,,,
"Sunday, December 27, 2026",38,Sean,KevinL,N,,,
"Sunday, December 27, 2026",38,KevinA,Rick,N,,,
"Sunday, December 27, 2026",38,Matt,Ted,N,,,
"Sunday, December 27, 2026",38,Jon,Tom,N,,,
"Tuesday, December 29, 2026",39,Matt,Jon,N,,,
"Tuesday, December 29, 2026",39,KevinA,KevinL,N,,,
"Tuesday, December 29, 2026",39,Ted,Rick,N,,,
"Tuesday, December 29, 2026",39,Sean,Tom,N,,,
"Thursday, December 31, 2026",40,Tom,KevinA,N,,,
"Thursday, December 31, 2026",40,Matt,Rick,N,,,
"Thursday, December 31, 2026",40,Jon,Sean,N,,,
"Thursday, December 31, 2026",40,KevinL,Ted,N,,,
"Saturday, January 2, 2027",41,Jon,KevinA,N,,,
"Saturday, January 2, 2027",41,KevinL,Rick,N,,,
"Saturday, January 2, 2027",41,Matt,Sean,N,,,
"Saturday, January 2, 2027",41,Ted,Tom,N,,,
"Sunday, January 3, 2027",42,KevinL,Matt,N,,,
"Sunday, January 3, 2027",42,KevinA,Sean,N,,,
"Sunday, January 3, 2027",42,Jon,Ted,N,,,
"Sunday, January 3, 2027",42,Rick,Tom,N,,,
"Tuesday, January 5, 2027",43,KevinA,Matt,N,,,
"Tuesday, January 5, 2027",43,Jon,Rick,N,,,
"Tuesday, January 5, 2027",43,Sean,Ted,N,,,
"Tuesday, January 5, 2027",43,KevinL,Tom,N,,,
"Thursday, January 7, 2027",44,Jon,KevinL,N,,,
"Thursday, January 7, 2027",44,Rick,Sean,N,,,
"Thursday, January 7, 2027",44,KevinA,Ted,N,,,
"Thursday, January 7, 2027",44,Matt,Tom,N,,,
"Friday, January 8, 2027",45,Jon,Matt,N,,,
"Friday, January 8, 2027",45,KevinL,Sean,N,,,
"Friday, January 8, 2027",45,Rick,Ted,N,,,
"Friday, January 8, 2027",45,KevinA,Tom,N,,,
"Sunday, January 10, 2027",46,Tom,Jon,N,,,
"Sunday, January 10, 2027",46,Rick,KevinA,N,,,
"Sunday, January 10, 2027",46,Sean,KevinL,N,,,
"Sunday, January 10, 2027",46,Ted,Matt,N,,,
"Tuesday, January 12, 2027",47,Matt,Jon,N,,,
"Tuesday, January 12, 2027",47,KevinL,KevinA,N,,,
"Tuesday, January 12, 2027",47,Ted,Rick,N,,,
"Tuesday, January 12, 2027",47,Tom,Sean,N,,,
"Wednesday, January 13, 2027",48,Sean,Jon,N,,,
"Wednesday, January 13, 2027",48,Tom,KevinA,N,,,
"Wednesday, January 13, 2027",48,Ted,KevinL,N,,,
"Wednesday, January 13, 2027",48,Rick,Matt,N,,,
"Thursday, January 14, 2027",49,KevinA,Jon,N,,,
"Thursday, January 14, 2027",49,Rick,KevinL,N,,,
"Thursday, January 14, 2027",49,Sean,Matt,N,,,
"Thursday, January 14, 2027",49,Tom,Ted,N,,,
"Friday, January 15, 2027",50,Ted,Jon,N,,,
"Friday, January 15, 2027",50,Sean,KevinA,N,,,
"Friday, January 15, 2027",50,Matt,KevinL,N,,,
"Friday, January 15, 2027",50,Tom,Rick,N,,,
"Sunday, January 17, 2027",51,Rick,Jon,N,,,
"Sunday, January 17, 2027",51,Matt,KevinA,N,,,
"Sunday, January 17, 2027",51,Tom,KevinL,N,,,
"Sunday, January 17, 2027",51,Ted,Sean,N,,,
"Monday, January 18, 2027",52,KevinL,Jon,N,,,
"Monday, January 18, 2027",52,Ted,KevinA,N,,,
"Monday, January 18, 2027",52,Tom,Matt,N,,,
"Monday, January 18, 2027",52,Sean,Rick,N,,,
"Tuesday, January 19, 2027",53,KevinA,Rick,N,,,
"Tuesday, January 19, 2027",53,KevinL,Sean,N,,,
"Tuesday, January 19, 2027",53,Matt,Ted,N,,,
"Tuesday, January 19, 2027",53,Jon,Tom,N,,,
"Wednesday, January 20, 2027",54,KevinA,KevinL,N,,,
"Wednesday, January 20, 2027",54,Jon,Matt,N,,,
"Wednesday, January 20, 2027",54,Rick,Ted,N,,,
"Wednesday, January 20, 2027",54,Sean,Tom,N,,,
"Friday, January 22, 2027",55,Matt,Rick,N,,,
"Friday, January 22, 2027",55,Jon,Sean,N,,,
"Friday, January 22, 2027",55,KevinL,Ted,N,,,
"Friday, January 22, 2027",55,KevinA,Tom,N,,,
"Sunday, January 24, 2027",56,Jon,KevinA,N,,,
"Sunday, January 24, 2027",56,KevinL,Rick,N,,,
"Sunday, January 24, 2027",56,Matt,Sean,N,,,
"Sunday, January 24, 2027",56,Ted,Tom,N,,,
"Monday, January 25, 2027",57,KevinL,Matt,N,,,
"Monday, January 25, 2027",57,KevinA,Sean,N,,,
"Monday, January 25, 2027",57,Jon,Ted,N,,,
"Monday, January 25, 2027",57,Rick,Tom,N,,,
"Tuesday, January 26, 2027",58,KevinA,Matt,N,,,
"Tuesday, January 26, 2027",58,Jon,Rick,N,,,
"Tuesday, January 26, 2027",58,Sean,Ted,N,,,
"Tuesday, January 26, 2027",58,KevinL,Tom,N,,,
"Wednesday, January 27, 2027",59,Jon,KevinL,N,,,
"Wednesday, January 27, 2027",59,Rick,Sean,N,,,
"Wednesday, January 27, 2027",59,KevinA,Ted,N,,,
"Wednesday, January 27, 2027",59,Matt,Tom,N,,,
"Thursday, January 28, 2027",60,Ted,Jon,Y,,,Neutral Site
"Thursday, January 28, 2027",60,Sean,KevinA,Y,,,Neutral Site
"Thursday, January 28, 2027",60,Tom,KevinL,Y,,,Neutral Site
"Thursday, January 28, 2027",60,Rick,Matt,Y,,,Neutral Site
"Saturday, January 30, 2027",61,Tom,Jon,N,,,
"Saturday, January 30, 2027",61,Rick,KevinA,N,,,
"Saturday, January 30, 2027",61,Sean,KevinL,N,,,
"Saturday, January 30, 2027",61,Ted,Matt,N,,,
"Sunday, January 31, 2027",62,Matt,Jon,N,,,
"Sunday, January 31, 2027",62,KevinL,KevinA,N,,,
"Sunday, January 31, 2027",62,Ted,Rick,N,,,
"Sunday, January 31, 2027",62,Tom,Sean,N,,,
"Monday, February 1, 2027",63,Sean,Jon,N,,,
"Monday, February 1, 2027",63,Tom,KevinA,N,,,
"Monday, February 1, 2027",63,Ted,KevinL,N,,,
"Monday, February 1, 2027",63,Rick,Matt,N,,,
"Tuesday, February 2, 2027",64,KevinA,Jon,N,,,
"Tuesday, February 2, 2027",64,Rick,KevinL,N,,,
"Tuesday, February 2, 2027",64,Sean,Matt,N,,,
"Tuesday, February 2, 2027",64,Tom,Ted,N,,,
"Thursday, February 4, 2027",65,Ted,Jon,N,,,
"Thursday, February 4, 2027",65,Sean,KevinA,N,,,
"Thursday, February 4, 2027",65,Matt,KevinL,N,,,
"Thursday, February 4, 2027",65,Tom,Rick,N,,,
"Saturday, February 6, 2027",66,Rick,Jon,N,,,
"Saturday, February 6, 2027",66,Matt,KevinA,N,,,
"Saturday, February 6, 2027",66,Tom,KevinL,N,,,
"Saturday, February 6, 2027",66,Ted,Sean,N,,,
"Sunday, February 7, 2027",67,KevinL,Jon,N,,,
"Sunday, February 7, 2027",67,Ted,KevinA,N,,,
"Sunday, February 7, 2027",67,Tom,Matt,N,,,
"Sunday, February 7, 2027",67,Sean,Rick,N,,,
"Monday, February 8, 2027",68,KevinA,Rick,N,,,
"Monday, February 8, 2027",68,KevinL,Sean,N,,,
"Monday, February 8, 2027",68,Matt,Ted,N,,,
"Monday, February 8, 2027",68,Jon,Tom,N,,,
"Tuesday, February 9, 2027",69,KevinA,KevinL,N,,,
"Tuesday, February 9, 2027",69,Jon,Matt,N,,,
"Tuesday, February 9, 2027",69,Rick,Ted,N,,,
"Tuesday, February 9, 2027",69,Sean,Tom,N,,,
"Wednesday, February 10, 2027",70,Matt,Rick,N,,,
"Wednesday, February 10, 2027",70,Jon,Sean,N,,,
"Wednesday, February 10, 2027",70,KevinL,Ted,N,,,
"Wednesday, February 10, 2027",70,KevinA,Tom,N,,,
"Thursday, February 11, 2027",71,Jon,KevinA,N,,,
"Thursday, February 11, 2027",71,KevinL,Rick,N,,,
"Thursday, February 11, 2027",71,Matt,Sean,N,,,
"Thursday, February 11, 2027",71,Ted,Tom,N,,,
"Friday, February 12, 2027",72,KevinL,Matt,N,,,
"Friday, February 12, 2027",72,KevinA,Sean,N,,,
"Friday, February 12, 2027",72,Jon,Ted,N,,,
"Friday, February 12, 2027",72,Rick,Tom,N,,,
"Saturday, February 13, 2027",73,KevinA,Matt,N,,,
"Saturday, February 13, 2027",73,Jon,Rick,N,,,
"Saturday, February 13, 2027",73,Sean,Ted,N,,,
"Saturday, February 13, 2027",73,KevinL,Tom,N,,,
"Sunday, February 14, 2027",74,Jon,KevinL,N,,,
"Sunday, February 14, 2027",74,Rick,Sean,N,,,
"Sunday, February 14, 2027",74,KevinA,Ted,N,,,
"Sunday, February 14, 2027",74,Matt,Tom,N,,,
"Monday, February 15, 2027",75,Sean,Jon,Y,,,Neutral Site
"Monday, February 15, 2027",75,Rick,KevinA,Y,,,Neutral Site
"Monday, February 15, 2027",75,Matt,KevinL,Y,,,Neutral Site
"Monday, February 15, 2027",75,Tom,Ted,Y,,,Neutral Site
"Wednesday, February 17, 2027",76,Tom,Jon,N,,,
"Wednesday, February 17, 2027",76,Rick,KevinA,N,,,
"Wednesday, February 17, 2027",76,Sean,KevinL,N,,,
"Wednesday, February 17, 2027",76,Ted,Matt,N,,,
"Thursday, February 25, 2027",77,Matt,Jon,N,,,
"Thursday, February 25, 2027",77,KevinL,KevinA,N,,,
"Thursday, February 25, 2027",77,Ted,Rick,N,,,
"Thursday, February 25, 2027",77,Tom,Sean,N,,,
"Friday, February 26, 2027",78,Sean,Jon,N,,,
"Friday, February 26, 2027",78,Tom,KevinA,N,,,
"Friday, February 26, 2027",78,Ted,KevinL,N,,,
"Friday, February 26, 2027",78,Rick,Matt,N,,,
"Sunday, February 28, 2027",79,KevinA,Jon,N,,,
"Sunday, February 28, 2027",79,Rick,KevinL,N,,,
"Sunday, February 28, 2027",79,Sean,Matt,N,,,
"Sunday, February 28, 2027",79,Tom,Ted,N,,,
"Tuesday, March 2, 2027",80,Ted,Jon,N,,,
"Tuesday, March 2, 2027",80,Sean,KevinA,N,,,
"Tuesday, March 2, 2027",80,Matt,KevinL,N,,,
"Tuesday, March 2, 2027",80,Tom,Rick,N,,,
"Wednesday, March 3, 2027",81,Rick,Jon,N,,,
"Wednesday, March 3, 2027",81,Matt,KevinA,N,,,
"Wednesday, March 3, 2027",81,Tom,KevinL,N,,,
"Wednesday, March 3, 2027",81,Ted,Sean,N,,,
"Thursday, March 4, 2027",82,KevinL,Jon,N,,,
"Thursday, March 4, 2027",82,Ted,KevinA,N,,,
"Thursday, March 4, 2027",82,Tom,Matt,N,,,
"Thursday, March 4, 2027",82,Sean,Rick,N,,,
"Saturday, March 6, 2027",83,KevinA,Rick,N,,,
"Saturday, March 6, 2027",83,KevinL,Sean,N,,,
"Saturday, March 6, 2027",83,Matt,Ted,N,,,
"Saturday, March 6, 2027",83,Jon,Tom,N,,,
"Monday, March 8, 2027",84,KevinA,KevinL,N,,,
"Monday, March 8, 2027",84,Jon,Matt,N,,,
"Monday, March 8, 2027",84,Rick,Ted,N,,,
"Monday, March 8, 2027",84,Sean,Tom,N,,,
"Tuesday, March 9, 2027",85,Matt,Rick,N,,,
"Tuesday, March 9, 2027",85,Jon,Sean,N,,,
"Tuesday, March 9, 2027",85,KevinL,Ted,N,,,
"Tuesday, March 9, 2027",85,KevinA,Tom,N,,,
"Wednesday, March 10, 2027",86,Jon,KevinA,N,,,
"Wednesday, March 10, 2027",86,KevinL,Rick,N,,,
"Wednesday, March 10, 2027",86,Matt,Sean,N,,,
"Wednesday, March 10, 2027",86,Ted,Tom,N,,,
"Thursday, March 11, 2027",87,KevinL,Matt,N,,,
"Thursday, March 11, 2027",87,KevinA,Sean,N,,,
"Thursday, March 11, 2027",87,Jon,Ted,N,,,
"Thursday, March 11, 2027",87,Rick,Tom,N,,,
"Saturday, March 13, 2027",88,KevinA,Matt,N,,,
"Saturday, March 13, 2027",88,Jon,Rick,N,,,
"Saturday, March 13, 2027",88,Sean,Ted,N,,,
"Saturday, March 13, 2027",88,KevinL,Tom,N,,,
"Sunday, March 14, 2027",89,Jon,KevinL,N,,,
"Sunday, March 14, 2027",89,Rick,Sean,N,,,
"Sunday, March 14, 2027",89,KevinA,Ted,N,,,
"Sunday, March 14, 2027",89,Matt,Tom,N,,,
